Region,Code,College Name,Website,STD Code,Phone,Rural/Urban
BENGALURU,AY,ACHARAYA INSTITUTE OF TECHNOLOGY,https://www.acharya.ac.in/,080,28396011,Urban
BENGALURU,AP,A.P.S COLLEGE OF ENGINEERING,https://www.apsce.ac.in/,080,28432837,Urban
BENGALURU,AM,AMC ENGINEERING COLLEGE,https://amcgroup.edu.in/,080,27828656,Urban
BENGALURU,AR,AMRUTHA INSTITUTE OF ENGINEERING AND MGMT. SCIENCES,http://www.aiems.in/,080,26568483,Urban
BENGALURU,AT,ATRIA INSTITUTE OF TECHNOLOGY,http://www.atria.edu/,080,23631298,Urban
BENGALURU,BC,BENGALURU COLLEGE OF ENGINEERING AND TECHNOLOGY,http://www.bcetbangalore.org/,080,27834822,Rural
BENGALURU,BI,BENGALURU INSTITUTE OF TECHNOLOGY,http://bit-bangalore.edu.in/,080,26615865,Urban
BENGALURU,BO,BRINDAVAN COLLEGE OF ENGG,https://www.brindavancollege.com/,080,28478388,Urban
BENGALURU,CR,C.M.R INSTITUTE OF TECHNOLOGY,http://www.cmr.ac.in/,080,28524477,Urban
BENGALURU,CD,CAMBRIDGE INSTITUTE OF TECHNOLOGY,http://www.cambridge.edu.in/engineering/,080,25618798,Urban
BENGALURU,CG,CHANNA BASAVESHWARA INSTITUTE OF TECHNOLOGY,http://www.cittumkur.org/,08131,223818,Rural
BENGALURU,CE,CITY ENGINEERING COLLEGE,http://www.cityinstitution.com/,080,26669313,Urban
BENGALURU,DB,DON BOSCO INSTITUTE OF TECHNOLOGY,http://www.dbit.co.in/,080,28437028,Urban
BENGALURU,GV,DR. T THIMAIAH INSTITUTE OF TECHNOLOGY,http://drttit.gvet.edu.in/,08153,261219,Rural
BENGALURU,EP,EAST POINT COLLEGE OF ENGINEERING AND TECHNOLOGY,http://www.eastpoint.ac.in/,080,28473777,Rural
BENGALURU,EW,EAST WEST INSTITUTE OF TECHNOLOGY,http://ewit.edu/,080,23286732,Urban
BENGALURU,GC,GHOUSIA COLLEGE OF ENGINEERING,http://www.ghousiaedu.org/,080,27272589,Rural
BENGALURU,SK,GOVERNMENT S.K.S.J.T. INSTITUTE OF TECHNOLOGY,,080,22260126,Urban
BENGALURU,GT,GOVERNMENT TOOL ROOM AND TRAINING CENTRE,,080,23352118,Urban
BENGALURU,GG,GOVT. ENGINEERING COLLEGE RAMNAGAR,http://dte.karnataka.gov.in/Institutes/gecramanagar/,080,27204389,Urban
BENGALURU,HK,HKBK COLLEGE OF ENGINEERING,http://www.hkbkeducation.org/,080,25441722,Urban
BENGALURU,HM,HMS INSTITUTE OF TECHNOLOGY,http://www.hmsit.ac.in/,0816,2214313,Rural
BENGALURU,IC,IMPACT COLLEGE OF ENGINEERING,https://iceas.ac.in/,080,23334101,Urban
BENGALURU,JV,JNANA VIKAS INSTITUTE OF TECHNOLOGY,http://jvitedu.in/,080,27282994,Rural
BENGALURU,JS,JSS ACADEMY OF TECHNICAL EDUCATION,https://jssateb.ac.in/,080,28603425,Urban
BENGALURU,KS,K.S.INSTITUTE OF TECHNOLOGY,http://www.ksit.ac.in/,080,28435724,Urban
BENGALURU,KI,KALPATARU INSTITUTE OF TECHNOLOGY,http://www.kittiptur.ac.in/,08134,251938,Urban
BENGALURU,KN,KNS INSTITUTE OF TECHNOLOGY,https://www.knsit.com/,080,28567494,Urban
BENGALURU,ME,M.S.ENGINEERING COLLEGE,http://www.msec.ac.in/,080,32529939,Urban
BENGALURU,OX,OXFORD COLLEGE OF ENGINEERING,http://www.theoxford.edu/,080,25737285,Urban
BENGALURU,RI,R R INSTITUTE OF TECHNOLOGY,http://www.rrit.ac.in/,080,28391555,Urban
BENGALURU,RL,R.L.JALAPPA INSTITUTE OF TECHNOLOGY,http://rljit.in/,080,27625381,Rural
BENGALURU,RR,RAJARAJESWARI COLLEGE OF ENGINEERING,https://www.rrce.org/,080,28437124,Urban
BENGALURU,RG,RAJIV GANDHI INSTITUTE OF TECHNOLOGY,http://www.rgit.ac.in/,080,55373782,Urban
BENGALURU,RN,RNS INSTITUTE OF TECHNOLOGY,http://www.rnsit.ac.in/,080,28611880,Urban
BENGALURU,SJ,S.J.C INSTITUTE OF TECHNOLOGY,http://www.sjcit.ac.in/,08156,263183,Rural
BENGALURU,VA,SAI VIDYA INSTITUTE OF TECHNOLOGY,http://saividya.ac.in/,080,23438366,Urban
BENGALURU,ST,SAMBHRAM INSTITUTE OF TECHNOLOGY,http://www.sambhramit.com/,080,23643618,Urban
BENGALURU,SG,SAPTHAGIRI COLLEGE OF ENGINEERING,https://www.sapthagiri.edu.in/,080,28372801,Urban
BENGALURU,SP,SEA COLLEGE OF ENGINEERING AND TECHNOLOGY,http://seaedu.ac.in/,080,64191571,Urban
BENGALURU,SB,SRI SAIRAM COLLEGE OF ENGINEERING,http://sairamce.edu.in/,080,27830221,Rural
BENGALURU,SV,SHRIDEVI INSTITUTE OF ENGINEERING AND TECHNOLOGY,http://www.shrideviengineering.org/,0816,2212629,Urban
BENGALURU,MV,SIR M. VISVESVARAYA INSTITUTE OF TECHNOLOGY,https://www.sirmvit.edu/,080,28477024,Urban
BENGALURU,JB,SJB INSTITUTE OF TECHNOLOGY,https://sjbit.edu.in/,080,28603651,Urban
BENGALURU,CC,Dr. Sri Sri Sri SHIVKUMAR MAHASWAMY COLLEGE OF ENGG.,http://www.drsmce.org/,080,27701250,Rural
BENGALURU,KT,SRI KRISHNA INSTITUTE OF TECHNOLOGY,http://www.skit.org.in/,080,23721315,Urban
BENGALURU,RC,SRI REVANASIDDESHWARA INSTITUTE OF TECHNOLOGY,http://srsect.edu.in/,080,28467850,Urban
BENGALURU,VE,SRI VENKATESHWARA COLLEGE OF ENGINEERING,http://svcengg.com/,080,28477460,Urban
BENGALURU,TJ,T. JOHN INSTITUTE OF TECHNOLOGY,https://www.tjohncollege.com/home,080,28429624,Urban
BENGALURU,VI,VEMANA INSTITUTE OF TECHNOLOGY,https://vemanait.edu.in/,080,25529874,Urban
BENGALURU,VK,VIVEKANANDA INSTITUTE OF TECHNOLOGY,https://vitb.ac.in/,080,28437696,Urban
BENGALURU,AA,ACHARYS NRV SCHOOL OF ARCHITECTURE,https://www.acharya.ac.in/,080,28396011,Urban
BENGALURU,AH,ACS COLLEGE OF ENGINEERING,https://www.acsce.edu.in/,080,28437955,Urban
BENGALURU,AK,AKSHAYA INSTITUTE OF TECHNOLOGY,http://www.ait-tumkur.ac.in/,0816,2273107,Urban
BENGALURU,CK,C BYEREGOWDA INSTITUTE OF TECHNOLOGY,http://cbitkolar.edu.in/,08152,291722,Urban
BENGALURU,VJ,VIJAYA VITTALA INSTITUTE OF TECHNOLOGY,http://www.svvit.org/,080,28465969,Urban
BENGALURU,HS,SHASHIB COLLEGE OF ENGINEERING,http://shashibgroup.org/,08156,290325,Urban
BENGALURU,SZ,SAMPOORNA INSTITUTE OF TECHNOLOGY RESEARCH,http://www.sampoornainstitutions.org/,080,27305659,Urban
BENGALURU,KG,K.S SCHOOL OF ENGG & MGMT,http://kssem.edu.in/,,,Urban
BENGALURU,GD,GOPALAN COLLEGE OF ENGINEERING MANAGEMENT,http://www.gopalancolleges.com/,080,42229748,Urban
BENGALURU,BH,BENGALURU TECHNOLOGICAL INSTITUTE,http://www.btibangalore.org/,080,65681080,Urban
BENGALURU,JT,JYOTHY INSTITUTE OF TECHNOLOGY,http://jyothyit.ac.in/,080,28435052,Urban
BENGALURU,DT,DAYANANDA SAGAR ACADEMY OF TECHNOLOGY AND MGMT.,https://dsatm.edu.in/,080,28432909,Urban
BENGALURU,AJ,CAMBRIDGE INSTITUTE OF TECHNOLOGY NORTH CAMPUS BANGALORE,http://www.ait-b.edu.in/,080,26851751,
BENGALURU,DC,DAYANAND SAGAR SCHOOL OF ARCHITECTURE,https://www.dsca.edu.in/,080,4218117,Urban
BENGALURU,IS,IMPACT SCHOOL OF ARCHITECTURE,http://isab.in/,080,23334101,
BENGALURU,RW,R V COLLEGE OF ARCHITECTURE,http://www.rvca.in/,080,22717807,Urban
BENGALURU,BQ,BMS SCHOOL OF ARCHITECTURE,https://bmssa.ac.in/,080,28463208,Urban
BENGALURU,JA,S J B School of Arch. & Planning,http://www.sjbsap.edu.in/,080,64500177,Urban
BENGALURU,GO,GOPALAN SCHOOL OF ARCHITECTURE & PLANNING,http://www.gopalancolleges.com/gsap/,,,
BENGALURU,RR,R.R. SCHOOL OF ARCHITECTURE,http://www.rrsa.ac.in/,080,42229748,Urban
BENGALURU,AN,ADITHYA ACADEMY OF ARCHITECTURE & DESIGN,http://aaad.in/,080,28571292,Urban
BENGALURU,PC,BGS SCHOOL OF ARCHITECTURE & PLANNING,http://bgssap.edu.in/,080,28437582,Urban
BENGALURU,KF,K S SCHOOL OF ARCHITECTURE,http://kssem.edu.in/,080,28425013,Urban
BENGALURU,EE,EAST WEST COLLEGE OF ENGG,,080,28566115,Urban
BENGALURU,VB,SRI VINAYAKA INSTITUTE OF TECHNOLOGY,https://www.svgi.edu.in/,08153,270975,Urban
BENGALURU,IV,Sir. M. V. School of Architecture,https://www.sirmvit.edu/,080,23606999,Urban
BENGALURU,NS,Nitte School of Architecture,http://www.nittesoa.ac.in/,080,22167900,Urban
BENGALURU,IT,HMS School of Architecture,http://www.hmsit.ac.in/,0816,2214309,Rural
BENGALURU,IE,Brindavan College of Architecture,https://www.brindavancollege.com/,080,28478388,Urban
BENGALURU,CF,BMS College of Architecture,http://www.bmsca.org,080,26622130,Urban
BENGALURU,OQ,OXFORD SCHOOL OF ARCHITECTURE,,080,30219785,Urban
BENGALURU,RQ,RNS SCHOOL OF ARCHITECTURE,http://rnssa.org/,080,28611880/81,Urban
BENGALURU,SW,SRI BASAVESHWAR INSTITUTE OF TECHNOLOGY,http://www.sbesinstitutions.com/,08134,294627,Urban
BENGALURU,RF,R V INSTITUTE OF TECHNOLOGY AND MGMT,https://rvitm.edu.in/,080,68110123,Urban
BENGALURU,WS,EAST WEST SCHOOL OF ARCHITECTURE,,,,
BENGALURU,,BGS College of Engineering & Technology,https://bgskh.org/,,,
BENGALURU,,Aditya College of Engineering & Technology,https://www.acetedu.net,,,
BENGALURU,,Akash Institute of Engineering & Technology,https://www.akashiet.com,,,
BENGALURU,,Ghousia Institute of Technology for Women,https://www.ghousiagroup.com,,,
BELAGAVI,AB,ANJUMAN INSTITUTE OF TECHNOLOGY & MANAGEMENT,http://www.aitmb.ac.in/,08385,226554,Rural
BELAGAVI,BL,BLDEAS COLLEGE OF ENGINEERING,http://bldeacet.ac.in/,08352,261120,Urban
BELAGAVI,GO,GOVT. ENGINEERING COLLEGE HAVERI,https://www.karnataka.gov.in/gechaveri/Pages/Home.aspx,08375,233657,Urban
BELAGAVI,HN,HIRASUGAR INSTITUTE OF TECHNOLOGY,http://hsit.ac.in/,08333,278887,Rural
BELAGAVI,KD,KLE COLLEGE OF ENG. AND TECHNOLOGY CHIKODI,http://klecet.edu.in/,08338,295499,Urban
BELAGAVI,KE,KLE INSTITUTE OF TECH HUBLI,https://www.kleit.ac.in/,0836,2232681,Urban
BELAGAVI,KL,KLE Dr M. S. SHESHGIRI COLLEGE OF ENGINEERING AND TECHNOLOGY,http://www.klescet.ac.in/,0831,2443881,Urban
BELAGAVI,MB,MALIK SANDAL INSTITUTE OF ART AND ARCHITECTURE,http://www.secab.org/,08352,276158,Urban
BELAGAVI,MM,MARATHA MANDALS ENGINEERING COLLEGE,http://mmec.edu.in/,0831,2416255,Urban
BELAGAVI,RH,RURAL ENGINEERING COLLEGE HULKOTI,http://rechulkoti.edu.in/,08372,289253,Rural
BELAGAVI,BU,S G BALEKUNDRI INST. OF TECH,http://sgbit.edu.in,0831,2407152,Urban
BELAGAVI,SR,S.T.J. INSTITUTE OF TECHNOLOGY,http://stjit.net/,08373,266343,Rural
BELAGAVI,SA,SECAB INSTITUTE OF ENGINEERING AND TECHNOLOGY,http://www.secab.org/,08352,276930,Urban
BELAGAVI,KA,SMT. KAMALA AND SRI VENKAPPA M. AGADI COLLEGE OF ENGINEERING AND TECHNOLOGY,http://www.agadiengcollege.com/,08487,290057,Rural
BELAGAVI,TG,SRI TONTADARAYA COLLEGE OF ENGINEERING,http://tce.ac.in/,08372,236933,Urban
BELAGAVI,VD,VISHWANATHARAO DESHPANDE INSTITUTE OF TECHNOLOGY HALIYAL,http://vdrit.org/,08284,220861,Rural
BELAGAVI,GB,GOVT. ENGINEERING COLLEGE HUVINHADAGALI,,,,Rural
BELAGAVI,GP,GOVERNMENT ENGINEERING COLLEGE KARWAR,http://dte.karnataka.gov.in/Institutes/geckarwar/,08382,226343,Urban
BELAGAVI,AG,ANGADI INSTITUTE OF TECHNOLOGY AND MGMT.,http://www.aitmbgm.ac.in/,0831,24051416,Rural
BELAGAVI,JI,JAIN COLLEGE OF ENGINEERING,https://www.jce.ac.in/,0831,2411183,Rural
BELAGAVI,VS,V S M'S INSTITUTE OF TECHNOLOGY,https://vsmnipani.org/,08338,221391,Rural
BELAGAVI,AV,AGM RURAL COLLEGE OF ENGINEERING & TECHNOLOGY,http://agmrcet.ac.in/web/,0836,2000444,Rural
BELAGAVI,GJ,GRIJABAI SAIL INSTITUTE OF TECHNOLOGY KARWAR,http://gsit.in/,08382,285565,Rural
BELAGAVI,LB,BILURU GURUBASAVA MAHASWAMIJI INSTITUTE OF TECHNOLOGY,http://bgmitm.ac.in/,08354,281404,Rural
BELAGAVI,VL,BASAVA ENGG SCHOOL OF TECHNOLOGY ZALAKI,http://www.bestedu.in/,08422,282020,Rural
BELAGAVI,IH,JAIN COLLEGE OF ENGG HUBBALLI,http://www.jcethbl.in/,,7338697711,Rural
BELAGAVI,LG,GOVERNMENT ENGINEERING COLLEGE TALAKAL,http://dte.karnataka.gov.in/Institutes/gectalakal,,,Rural
BELAGAVI,KF,ANGADI SCHOOL OF ARCHITECTURE BELAGAVI,https://asabgm.org/,0831,"2438123,2438100",Rural
BELAGAVI,JR,JAIN COLLEGE OF ENGINEERING & RESEARCH BELAGAVI,http://jcer.in/,0831,2483021/22,Urban
BELAGAVI,,Govt. Engineering College Ron Road,,,,Rural
KALABURAGI,BK,BASAVAKALYAN ENGINEERING COLLEGE,http://www.betbkec.com/,08481,251400,Rural
KALABURAGI,GU,GOVT. ENGINEERING COLLEGE RAICHUR,http://www.gecraichur.ac.in/,08532,25122,Rural
KALABURAGI,GN,GURU NANAK DEV ENGINEERING COLLEGE,http://www.gndecbidar.in/,08482,235214,Urban
KALABURAGI,KC,K.C.T. ENGINEERING COLLEGE,http://kctengineering.edu.in/,08472,258020,Urban
KALABURAGI,KB,KHAJA BANDA NAWAZ COLLEGE OF ENGINEERING,https://kbnce.org/,08472,257487,Urban
KALABURAGI,NA,NAVODAYA INSTITUTE OF TECHNOLOGY,https://www.navodaya.edu.in/,08532,223216,Urban
KALABURAGI,PG,PROUDADEVARAYA INSTITUTE OF TECHNOLOGY,http://pdit.ac.in/,08394,259521,Urban
KALABURAGI,VC,RAO BAHADDUR Y MAHABALESHWARAPPA ENGG COLLEGE,http://ww38.rymec.org/,08392,244809,Urban
KALABURAGI,RB,BHEEMANNA KHANDRE INSTITUTE OF TECHNOLOGY BHALKI,http://www.recbhalki.org/,08484,262288,Rural
KALABURAGI,SL,SLN COLLEGE OF ENGINEERING,http://slnceraichur.com/,08532,251048,Urban
KALABURAGI,VN,VEERAPPA NISTY ENGINEERING COLLEGE,http://veerappanistyecs.org/,08472,290004,Rural
KALABURAGI,LA,LINGARAJ APPA ENGINEERING COLLEGE,http://www.lingarajappaec.ac.in/,08472,273652,Urban
KALABURAGI,GF,GODUTAI ENGINEERING COLLEGE FOR WOMEN,http://www.godutaiecw.org/,08472,277840,Urban
KALABURAGI,TS,SHETTY INSTITUTE OF TECHNOLOGY,http://sitgulbarga.org/,08472,296666,Urban
KALABURAGI,NG,GOVERNMENT ENGINEERING COLLEGE GANGAVATI,,,,
KALABURAGI,NG,GOVERNMENT ENGINEERING COLLEGE BIDAR,,,,
KALABURAGI,NG,Poojya Dr. Shivakumar Swamiji School of Architecture Kalaburagi,,,,
MYSURU,AI,ADICHUNCHANAGIRI INSTITUTE OF TECHNOLOGY,http://aitckm.in/,08262,220444,Urban
MYSURU,AL,ALVAS INST. OF ENGG. AND TECHNOLOGY,http://www.aiet.org.in/,08258,262724,Urban
MYSURU,BB,BAHUBALI COLLEGE OF ENGINEERING,http://bce.org.in/,08176,257278,Rural
MYSURU,BD,BAPUJI INSTITUTE OF ENGINEERING AND TECHNOLOGY,http://www.bietdvg.edu/,08192,221461,Urban
MYSURU,BP,BEARYS INSTITUTE OF TECHNOLOGY,http://www.bitmangalore.com/,0820,22273124,Urban
MYSURU,CB,CANARA ENGINEERING COLLEGE,http://www.canaraengineering.in/,0824,2278672,Rural
MYSURU,CI,COORG INSTITUTE OF TECHNOLOGY,http://www.citcoorg.edu.in/,08274,249771,Rural
MYSURU,DM,YENEPOYA INSTITUTE OF TECHNOLOGY,http://www.yit.edu.in/,08258,262713,Urban
MYSURU,GM,GM.INSTITUTE OF TECHNOLOGY,http://gmit.ac.in/gmitnew/index.html,08192,233345,Urban
MYSURU,GE,GOVT. ENGINEERING COLLEGE CHAMARAJANAGARA,https://gec-chamarajanagara.ac.in/,08226,222572,Urban
MYSURU,GH,GOVT. ENGINEERING COLLEGE HASSAN,http://www.gechassan.ac.in/,08172,240444,Urban
MYSURU,GL,GOVT. ENGINEERING COLLEGE KUSHAL NAGAR,http://malur.in/geck/,08276,272335,Urban
MYSURU,GK,GOVT. ENGINEERING COLLEGE MANDYA,http://www.gcm.ac.in/,08230,262872,Urban
MYSURU,GR,GOVT. TOOL ROOM AND TRAINING CENTRE,https://www.karnataka.gov.in/gttc/Pages/Home.aspx,0821,262872,Urban
MYSURU,GW,GSSS INSTITUTE OF ENGINEERING AND TECHNOLOGY FOR WOMEN,http://geethashishu.in/,0821,2581304,Urban
MYSURU,JN,JAWAHARLAL NEHRU NATIONAL COLLEGE OF ENGINEERING,http://jnnce.ac.in/jnndemo/,08182,270450,Rural
MYSURU,KV,K.V.G. COLLEGE OF ENGINEERING,http://www.kvgengg.com/,08257,231141,Rural
MYSURU,KM,KARAVALI INSTITUTE OF TECHNOLOGY,http://www.karavalicollege.com/,0824,2272375,Urban
MYSURU,MH,MAHARAJA INSTITUTE OF TECHNOLOGY MYSORE,http://www.mitmysore.in/,08236,292601,Rural
MYSURU,MT,MANGALORE INSTITUTE OF TECHNOLOGY AND ENGINEERING,http://www.mite.ac.in/,08258,262695,Urban
MYSURU,MK,MOODLAKATTE INSTITUTE OF TECHNOLOGY,http://www.mitkundapura.com/mitk/,08254,237235,Rural
MYSURU,NN,NIE INST. OF TECHNOLOGY,https://nieit.ac.in/,0821,2403733,Urban
MYSURU,PA,P.A.COLLEGE OF ENGINEERING,http://pace.edu.in/,0824,2284701,Rural
MYSURU,PM,PES INSTITUTE OF TECHNOLOGY AND MGMT.,http://pestrust.edu.in/pesitm/,08182,233796,Urban
MYSURU,RA,RAJEEV INST. OF TECHNOLOGY,http://www.rithassan.org/,08172,231022,Urban
MYSURU,SH,SHREE DEVI INSTITUTE OF TECHNOLOGY,http://sdc.ac.in/sdit/,0824,2254104,Urban
MYSURU,SM,SJM INSTITUTE OF TECHNOLOGY,http://sjmit.ac.in/,08194,222866,Urban
MYSURU,SU,SRI DHARMASTHAL MANJUNATHESHWAR INSTITUTE OF TECHNOLOGY,http://www.sdmit.in/,08256,236225,Urban
MYSURU,JE,SRI JAYACHAMRAJENDRA COLLEGE OF ENGG. EVENING,https://sjce.ac.in/,0821,2512568,Urban
MYSURU,SN,SRINIVAS INSTITUTE OF TECHNOLOGY,https://sjce.ac.in/,0824,2274730,Urban
MYSURU,VM,VIDYA VIKAS INSTITUTE OF ENGINEERING AND TECHNOLOGY,http://vidyavikasengineering.com/,0821,2471232,Urban
MYSURU,VP,VIVEKANANDA COLLEGE OF ENGINEERING AND TECHNOLOGY,http://www.vcetputtur.ac.in/,08251,234555,Rural
MYSURU,YG,NAVKIS COLLEGE OF ENGINEERING HASSAN,http://navkisce.ac.in/,08172,297464,Urban
MYSURU,MW,SHRI MADHWA VADIRAJA INSTITUTE OF TECHNOLOGY & MANAGEMENT,http://sode-edu.in/,0820,4294005,Urban
MYSURU,AD,ACADEMY FOR TECHNICAL AND MANAGEMENT EXCELLENCE,http://atme.in/,0821,2900611,Urban
MYSURU,UB,UBDT ENGINEERING COLLEGE DAVANAGERE (Constituent College of VTU),http://www.ubdtce.org/,08192,233414,Urban
MYSURU,MG,G MADEGOWDA INSTITUTE OF TECHNOLOGY,http://www.gmitmandya.org.in/,08232,235026,Urban
MYSURU,JD,JAIN INSTITUTE OF TECHNOLOGY,http://www.jitd.in/,08192,235707,Urban
MYSURU,MR,MANGALORE MARINE COLLEGE & TECHNOLOGY,http://www.cmcmmct.com/,0824,2265320,Rural
MYSURU,CA,CAUVERY INSTITUTE OF TECHNOLOGY,http://www.cauveryinstitute.com/,08232,291999,Rural
MYSURU,MA,MYSORE SCHOOL OF ARCHITECTURE,http://msa.edu.in/,0821,2970895,Urban
MYSURU,ED,BEARYS ENVIRONMENT ARCHITECTURE DESIGN SCHOOL MANGALORE,http://beads.edu.in/,0821,2471133,Urban
MYSURU,MO,MYSORE COLLEGE OF ENGINEERING AND MANAGEMENT,http://www.mycem.edu.in/,0821,2971173,Urban
MYSURU,MU,MYSURU ROYAL INSTITUTE OF TECHNOLOGY,http://mysururoyal.org/,,,Urban
MYSURU,CM,WADIYAR CENTRE FOR ARCHITECTURE,http://wcfa.ac.in/,0821,"2334999,2431999",Urban
MYSURU,MN,Maharaja Institute of Technology,http://www.mitt.edu.in/,0821,3248795,Urban
MYSURU,JK,A. J. Institute of Engineering,http://www.ajengineering.in/,0824,2455048,Urban
MYSURU,HG,GOVERNMENT ENGINEERING COLLEGE MOSALE HOSAHALLI,,,,
